[{"id":"user-image-Untitled7.jpg","publicUrl":"np://user.desktop.nicepage.com/Site_73675080/images/Untitled7.jpg","size":45828,"hash":"uvakgS/N1BwfqIBDGFYlMwNR/YA=","fileName":"Untitled7.jpg","name":"Untitled7","width":417,"height":460,"thumbnail":{"url":"np://user.desktop.nicepage.com/Site_73675080/images/thumbnails/Untitled7.jpg","width":227,"height":250},"folderId":null,"originalUrl":"//images01.nicepage.com/c461c07a441a5d220e8feb1a/1404e459aa5b50d5b57c1a7f/Untitled7.jpg","usages":["74910026"]},{"id":"user-image-xs.jpg","publicUrl":"np://user.desktop.nicepage.com/Site_73675080/images/xs.jpg","size":129780,"hash":"UF3wO20OtrVqY40NC3skvdiNKFE=","fileName":"xs.jpg","name":"xs","width":500,"height":738,"thumbnail":{"url":"np://user.desktop.nicepage.com/Site_73675080/images/thumbnails/xs.jpg","width":169,"height":250},"folderId":null,"originalUrl":"//images01.nicepage.com/c461c07a441a5d220e8feb1a/75917f515ec15656acd251f9/xs.jpg","usages":["74910026"]},{"id":"user-image-as.jpg","publicUrl":"np://user.desktop.nicepage.com/Site_73675080/images/as.jpg","size":122395,"hash":"IgEQouqI/CIQk73DelVXXgdtOgo=","fileName":"as.jpg","name":"as","width":500,"height":926,"thumbnail":{"url":"np://user.desktop.nicepage.com/Site_73675080/images/thumbnails/as.jpg","width":135,"height":250},"folderId":null,"originalUrl":"//images01.nicepage.com/c461c07a441a5d220e8feb1a/1f9c6795566657d2b8fb2352/as.jpg","usages":["74910026"]},{"id":"user-image-1.jpg","publicUrl":"np://user.desktop.nicepage.com/Site_73675080/images/1.jpg","size":142231,"hash":"PcZIlwgXI19skLhegS1zuB2upVw=","fileName":"1.jpg","name":"1","width":500,"height":744,"thumbnail":{"url":"np://user.desktop.nicepage.com/Site_73675080/images/thumbnails/1.jpg","width":168,"height":250},"folderId":null,"originalUrl":"//images01.nicepage.com/c461c07a441a5d220e8feb1a/f3af8e86616955378b748aea/1.jpg","usages":["74910026"]},{"id":"user-image-fly.png","publicUrl":"np://user.desktop.nicepage.com/Site_73675080/images/fly.png","size":110491,"hash":"NfTKbu3PXKaKjq1doB/+Z3BXrHc=","fileName":"fly.png","name":"fly","width":634,"height":346,"thumbnail":{"url":"np://user.desktop.nicepage.com/Site_73675080/images/thumbnails/fly.png","width":250,"height":136},"folderId":null,"originalUrl":"//images01.nicepage.com/c461c07a441a5d220e8feb1a/d9d4de5fae135ce8847dc4d8/fly.png","usages":["74910026"]},{"id":"user-image-Untitled5.jpg","publicUrl":"np://user.desktop.nicepage.com/Site_73675080/images/Untitled5.jpg","size":89509,"hash":"yzgW2utHZz7H1ig3AqmXx8jCIVA=","fileName":"Untitled5.jpg","name":"Untitled5","width":614,"height":372,"thumbnail":{"url":"np://user.desktop.nicepage.com/Site_73675080/images/thumbnails/Untitled5.jpg","width":250,"height":151},"folderId":null,"originalUrl":"//images01.nicepage.com/c461c07a441a5d220e8feb1a/8a6f33d4fdb252e1b999a841/Untitled5.jpg","usages":["74910026"]},{"id":"user-image-bubbles9.png","publicUrl":"np://user.desktop.nicepage.com/Site_73675080/images/bubbles9.png","size":350207,"hash":"LtWfBUoTji7scEenhFkASMWNkvs=","fileName":"bubbles9.png","name":"bubbles9","width":554,"height":623,"thumbnail":{"url":"np://user.desktop.nicepage.com/Site_73675080/images/thumbnails/bubbles9.png","width":222,"height":250},"folderId":null,"originalUrl":"//images01.nicepage.com/c461c07a441a5d220e8feb1a/dc5ab1e78afe5b489ef0cfc3/bubbles9.png","usages":["74910026"]},{"id":"user-image-Untitled1.jpg","publicUrl":"np://user.desktop.nicepage.com/Site_73675080/images/Untitled1.jpg","size":91786,"hash":"pXDQN/DOLZKOMA4mDO0nF+0+4o4=","fileName":"Untitled1.jpg","name":"Untitled1","width":700,"height":511,"thumbnail":{"url":"np://user.desktop.nicepage.com/Site_73675080/images/thumbnails/Untitled1.jpg","width":250,"height":183},"folderId":null,"originalUrl":"//images01.nicepage.com/c461c07a441a5d220e8feb1a/b27268fef9bf5b74bc1affd8/Untitled1.jpg","usages":["74910026"]},{"id":"user-image-Untitled4.jpg","publicUrl":"np://user.desktop.nicepage.com/Site_73675080/images/Untitled4.jpg","size":61004,"hash":"tYVO0Xv0g/v8PBqgtE0j59z6LZg=","fileName":"Untitled4.jpg","name":"Untitled4","width":1280,"height":720,"thumbnail":{"url":"np://user.desktop.nicepage.com/Site_73675080/images/thumbnails/Untitled4.jpg","width":250,"height":141},"folderId":null,"originalUrl":"//images01.nicepage.com/c461c07a441a5d220e8feb1a/5d57a6aaff01501a8b0398fc/Untitled4.jpg","usages":["74910026"]},{"id":"user-image-bggradient3.jpg","publicUrl":"np://user.desktop.nicepage.com/Site_73675080/images/bggradient3.jpg","size":69744,"hash":"tWaRqOGJHFShRgTHhvHLoQuHxZ8=","fileName":"bggradient3.jpg","name":"bggradient3","width":1980,"height":1038,"thumbnail":{"url":"np://user.desktop.nicepage.com/Site_73675080/images/thumbnails/bggradient3.jpg","width":250,"height":131},"folderId":null,"originalUrl":"//images01.nicepage.com/c461c07a441a5d220e8feb1a/847dd8f1352e516a8fd6ecdb/bggradient3.jpg","usages":["74910026"]},{"id":"user-image-bubbles5.png","publicUrl":"np://user.desktop.nicepage.com/Site_73675080/images/bubbles5.png","size":358337,"hash":"l6Rq0dS6elmbgCDbQksTMHu0IW4=","fileName":"bubbles5.png","name":"bubbles5","width":576,"height":626,"thumbnail":{"url":"np://user.desktop.nicepage.com/Site_73675080/images/thumbnails/bubbles5.png","width":230,"height":250},"folderId":null,"originalUrl":"//images01.nicepage.com/c461c07a441a5d220e8feb1a/f8eb661a1b86561ea278d55c/bubbles5.png","usages":["74910026"]},{"id":"user-image-bggradient4.jpg","publicUrl":"np://user.desktop.nicepage.com/Site_73675080/images/bggradient4.jpg","size":17325,"hash":"2BuGO3xJ4F8XRW3Kdvw+fupmcl8=","fileName":"bggradient4.jpg","name":"bggradient4","width":1600,"height":839,"thumbnail":{"url":"np://user.desktop.nicepage.com/Site_73675080/images/thumbnails/bggradient4.jpg","width":250,"height":131},"folderId":null,"originalUrl":"//images01.nicepage.com/c461c07a441a5d220e8feb1a/3d598ab49dfc5da483778128/bggradient4.jpg","usages":["74910026"]},{"id":"user-image-bubbles4.png","publicUrl":"np://user.desktop.nicepage.com/Site_73675080/images/bubbles4.png","size":289025,"hash":"ZvMITwCfwWI/WsDi9GZn5tTTo84=","fileName":"bubbles4.png","name":"bubbles4","width":600,"height":715,"thumbnail":{"url":"np://user.desktop.nicepage.com/Site_73675080/images/thumbnails/bubbles4.png","width":210,"height":250},"folderId":null,"originalUrl":"//images01.nicepage.com/c461c07a441a5d220e8feb1a/b5f43f3a8286589f83be0618/bubbles4.png","usages":["74910026"]},{"id":"user-image-Untitled9.jpg","publicUrl":"np://user.desktop.nicepage.com/Site_73675080/images/Untitled9.jpg","size":54370,"hash":"0ORwmRVgQ9VRlOfCJ2YconUbs2k=","fileName":"Untitled9.jpg","name":"Untitled9","width":453,"height":462,"thumbnail":{"url":"np://user.desktop.nicepage.com/Site_73675080/images/thumbnails/Untitled9.jpg","width":245,"height":250},"folderId":null,"originalUrl":"//images01.nicepage.com/c461c07a441a5d220e8feb1a/7ab364e65cfd5aeaaa7e0ab0/Untitled9.jpg","usages":["74910026"]},{"id":"user-image-Untitled10.jpg","publicUrl":"np://user.desktop.nicepage.com/Site_73675080/images/Untitled10.jpg","size":61034,"hash":"ZvyWPi0o9CVF2mclgKC1weB6AAA=","fileName":"Untitled10.jpg","name":"Untitled10","width":575,"height":600,"thumbnail":{"url":"np://user.desktop.nicepage.com/Site_73675080/images/thumbnails/Untitled10.jpg","width":240,"height":250},"folderId":null,"originalUrl":"//images01.nicepage.com/c461c07a441a5d220e8feb1a/5c5f978cdea352f688c8617e/Untitled10.jpg","usages":["74910026"]},{"id":"user-image-Untitled8.jpg","publicUrl":"np://user.desktop.nicepage.com/Site_73675080/images/Untitled8.jpg","size":52674,"hash":"1sbRtyu/jR17ClPy5gRxeEShQW4=","fileName":"Untitled8.jpg","name":"Untitled8","width":361,"height":600,"thumbnail":{"url":"np://user.desktop.nicepage.com/Site_73675080/images/thumbnails/Untitled8.jpg","width":150,"height":250},"folderId":null,"originalUrl":"//images01.nicepage.com/c461c07a441a5d220e8feb1a/28a09a22432a5aa09842d3d8/Untitled8.jpg","usages":["74910026"]},{"id":"user-image-788.jpg","publicUrl":"np://user.desktop.nicepage.com/Site_73675080/images/788.jpg","size":155762,"hash":"FCMH6Gee7Dw94qg7mD9WA5KNzs4=","fileName":"788.jpg","name":"788","width":700,"height":759,"thumbnail":{"url":"np://user.desktop.nicepage.com/Site_73675080/images/thumbnails/788.jpg","width":231,"height":250},"folderId":null,"originalUrl":"//images01.nicepage.com/c461c07a441a5d220e8feb1a/f1c11a0ab3a65ce9a731bc46/788.jpg","usages":["74910026"]},{"id":"user-image-2.jpg","publicUrl":"np://user.desktop.nicepage.com/Site_73675080/images/2.jpg","size":341130,"hash":"Ib6TXA+V986aos/ExQYxYcFCoHo=","fileName":"2.jpg","name":"2","width":1000,"height":1000,"thumbnail":{"url":"np://user.desktop.nicepage.com/Site_73675080/images/thumbnails/2.jpg","width":250,"height":250},"folderId":null,"originalUrl":"//images01.nicepage.com/c461c07a441a5d220e8feb1a/5f36d6cc06ba5b1d98224192/2.jpg","usages":["74910026"]},{"id":"user-image-bubbles.png","publicUrl":"np://user.desktop.nicepage.com/Site_73675080/images/bubbles.png","size":341468,"hash":"S98NFFzwHaO7CGmovnVuiABnFIc=","fileName":"bubbles.png","name":"bubbles","width":700,"height":813,"thumbnail":{"url":"np://user.desktop.nicepage.com/Site_73675080/images/thumbnails/bubbles.png","width":215,"height":250},"folderId":null,"originalUrl":"//images01.nicepage.com/c461c07a441a5d220e8feb1a/c85ab34be8705b1fab4144ea/bubbles.png","usages":["74910026"]},{"id":"user-image-bubbles2.png","publicUrl":"np://user.desktop.nicepage.com/Site_73675080/images/bubbles2.png","size":372476,"hash":"0zK+ohLl5dK0gPS3o8xpVgYa+ts=","fileName":"bubbles2.png","name":"bubbles2","width":800,"height":1022,"thumbnail":{"url":"np://user.desktop.nicepage.com/Site_73675080/images/thumbnails/bubbles2.png","width":196,"height":250},"folderId":null,"originalUrl":"//images01.nicepage.com/c461c07a441a5d220e8feb1a/78325435de7e5b8f82cfa241/bubbles2.png","usages":["74910026"]},{"id":"user-image-bggradient.jpg","publicUrl":"np://user.desktop.nicepage.com/Site_73675080/images/bggradient.jpg","size":76602,"hash":"/Awd1Z2Hsz8DXkPpWx6xNm+5wmw=","fileName":"bggradient.jpg","name":"bggradient","width":1980,"height":1038,"thumbnail":{"url":"np://user.desktop.nicepage.com/Site_73675080/images/thumbnails/bggradient.jpg","width":250,"height":131},"folderId":null,"originalUrl":"//images01.nicepage.com/c461c07a441a5d220e8feb1a/386402209ab35bf6ac892d8d/bggradient.jpg","usages":["74910026"]},{"id":"user-image-circlegradient2.png","publicUrl":"np://user.desktop.nicepage.com/Site_73675080/images/circlegradient2.png","size":66131,"hash":"jZrhj/glpMZsG38nv/JyFrb9d58=","fileName":"circlegradient2.png","name":"circlegradient2","width":307,"height":307,"thumbnail":{"url":"np://user.desktop.nicepage.com/Site_73675080/images/thumbnails/circlegradient2.png","width":250,"height":250},"folderId":null,"originalUrl":"//images01.nicepage.com/c461c07a441a5d220e8feb1a/9d37c6553465529cafa82304/circlegradient2.png","usages":["74910026"]},{"id":"user-image-robotgradientintro2.jpg","publicUrl":"np://user.desktop.nicepage.com/Site_73675080/images/robotgradientintro2.jpg","size":77595,"hash":"0LBt7wV1MhzbfttTYtRGWhFzow0=","fileName":"robotgradientintro2.jpg","name":"robotgradientintro2","width":1600,"height":860,"thumbnail":{"url":"np://user.desktop.nicepage.com/Site_73675080/images/thumbnails/robotgradientintro2.jpg","width":250,"height":134},"folderId":null,"originalUrl":"//images01.nicepage.com/c461c07a441a5d220e8feb1a/ef047784bc6a5cf2b81a76a6/robotgradientintro2.jpg","usages":["74910026"]}]