[{"id":73731684,"title":"Blog Template","order":1,"templateKey":"blog","customTemplate":false,"customTemplateFilename":null,"pageLinks":[],"dateCreated":"2024-09-21T00:27:57.981Z","dateUpdated":"2024-09-21T00:28:00.414Z","folderId":null,"pageName":"Blog Template","serverPageId":null,"sectionCount":1,"status":2,"backwardUrl":null},{"id":2364928780,"title":"Post Template","order":2,"templateKey":"post","customTemplate":false,"customTemplateFilename":null,"pageLinks":[],"dateCreated":"2024-09-21T00:27:58.270Z","dateUpdated":"2024-09-21T00:28:00.414Z","folderId":null,"pageName":"Post Template","serverPageId":null,"sectionCount":1,"status":2,"backwardUrl":null},{"id":1233522472,"title":"Product List Template","order":3,"templateKey":"products","customTemplate":false,"customTemplateFilename":null,"pageLinks":[],"dateCreated":"2024-09-21T00:27:58.524Z","dateUpdated":"2024-09-21T00:28:00.415Z","folderId":null,"pageName":"Product List Template","serverPageId":null,"sectionCount":1,"status":2,"backwardUrl":null},{"id":84682809,"title":"Product Details Template","order":4,"templateKey":"product","customTemplate":false,"customTemplateFilename":null,"pageLinks":[],"dateCreated":"2024-09-21T00:27:58.738Z","dateUpdated":"2024-09-21T00:28:00.415Z","folderId":null,"pageName":"Product Details Template","serverPageId":null,"sectionCount":1,"status":2,"backwardUrl":null},{"id":260678239,"title":"Shopping Cart Template","order":5,"templateKey":"cart","customTemplate":false,"customTemplateFilename":null,"pageLinks":[],"dateCreated":"2024-09-21T00:27:58.990Z","dateUpdated":"2024-09-21T00:28:00.415Z","folderId":null,"pageName":"Shopping Cart Template","serverPageId":null,"sectionCount":1,"status":2,"backwardUrl":null},{"id":482618,"title":"Checkout Template","order":6,"templateKey":"checkout","customTemplate":false,"customTemplateFilename":null,"pageLinks":[],"dateCreated":"2024-09-21T00:27:59.245Z","dateUpdated":"2024-09-21T00:28:00.415Z","folderId":null,"pageName":"Checkout Template","serverPageId":null,"sectionCount":1,"status":2,"backwardUrl":null},{"id":64857348,"title":"Login Template","order":7,"templateKey":"login","customTemplate":false,"customTemplateFilename":null,"pageLinks":[],"dateCreated":"2024-09-21T00:27:59.360Z","dateUpdated":"2024-09-21T00:28:00.416Z","folderId":null,"pageName":"Login Template","serverPageId":null,"sectionCount":1,"status":2,"backwardUrl":null},{"id":12510398,"title":"Search Page Template","order":8,"templateKey":"Search","customTemplate":false,"customTemplateFilename":null,"pageLinks":["6","5","4"],"dateCreated":"2024-09-21T00:27:59.487Z","dateUpdated":"2024-09-21T00:28:00.416Z","folderId":null,"pageName":"Search Page Template","serverPageId":null,"sectionCount":1,"status":2,"backwardUrl":null},{"id":832321735,"title":"Page Password Template","order":9,"templateKey":"password","customTemplate":false,"customTemplateFilename":null,"pageLinks":[],"dateCreated":"2024-09-21T00:27:59.615Z","dateUpdated":"2024-09-21T00:28:00.416Z","folderId":null,"pageName":"Page Password Template","serverPageId":null,"sectionCount":1,"status":2,"backwardUrl":null},{"id":60739665,"title":"404 Not Found Template","order":10,"templateKey":"404","customTemplate":false,"customTemplateFilename":null,"pageLinks":[],"dateCreated":"2024-09-21T00:27:59.696Z","dateUpdated":"2024-09-21T00:28:00.416Z","folderId":null,"pageName":"404 Not Found Template","serverPageId":null,"sectionCount":1,"status":2,"backwardUrl":null},{"id":2704915240,"title":"Thank You Page Template","order":11,"templateKey":"ThankYou","customTemplate":false,"customTemplateFilename":null,"pageLinks":[],"dateCreated":"2024-09-21T00:27:59.770Z","dateUpdated":"2024-09-21T00:28:00.416Z","folderId":null,"pageName":"Thank You Page Template","serverPageId":null,"sectionCount":1,"status":2,"backwardUrl":null},{"id":74910026,"title":"Home","order":50,"templateKey":null,"customTemplate":false,"customTemplateFilename":null,"pageLinks":[],"dateCreated":"2024-09-21T00:28:01.176Z","dateUpdated":"2024-09-21T01:17:32.677Z","folderId":null,"pageName":"Home_74910026","serverPageId":null,"sectionCount":11,"status":2,"backwardUrl":null},{"id":71956431,"title":"About","order":100,"templateKey":null,"customTemplate":false,"customTemplateFilename":null,"pageLinks":[],"dateCreated":"2024-09-21T00:27:59.827Z","dateUpdated":"2024-09-21T00:28:00.416Z","folderId":null,"pageName":"About_71956431","serverPageId":null,"sectionCount":1,"status":2,"backwardUrl":null},{"id":90378962,"title":"Contact","order":101,"templateKey":null,"customTemplate":false,"customTemplateFilename":null,"pageLinks":[],"dateCreated":"2024-09-21T00:27:59.877Z","dateUpdated":"2024-09-21T00:28:00.417Z","folderId":null,"pageName":"Contact_90378962","serverPageId":null,"sectionCount":1,"status":2,"backwardUrl":null}]